driverId,name,ssn,location,certified,wage-plan
10,Katherine Moore,384-98-4523,"86598 Case Cliff Apt. 369
South Kevin, TX 38563",N,hours
11,Jose Fisher,114-19-3038,"537 Cynthia Skyway Apt. 076
New Christopher, NE 66486",Y,miles
12,Cheryl Walker,676-24-0785,"4807 Lopez Inlet Suite 015
Blankenshipmouth, OR 09654",N,hours
13,Brad Hendrix,199-49-2624,"467 Carol Dam
West Stephaniefurt, ID 97671",Y,hours
14,Mrs. Morgan Sparks,389-78-1621,"790 Curtis Terrace Suite 185
Smithland, AK 39841",Y,hours
15,Jenna Avila,797-09-1843,"PSC 8427, Box 2870
APO AA 48801",Y,miles
16,Brittney Hale,158-26-0422,"037 Steven Islands
Lake Matthew, PR 83484",N,hours
17,Duane Lopez,433-64-9387,"43327 Curtis Hill Suite 237
Donnamouth, SC 63272",N,miles
18,Sarah Wilcox,445-05-6107,"01982 Heather Isle Apt. 066
Port Bryanburgh, FM 95695",Y,hours
19,Darlene Keller,014-73-3351,"PSC 5111, Box 8108
APO AE 52327",Y,miles
20,Sean Gutierrez,014-11-0743,"675 Fuentes Fort Apt. 951
Lake Williamland, ND 40900",Y,miles
21,Lindsey Campbell,489-08-3049,"356 Gonzales Haven Apt. 528
South Jacob, AR 26881",N,hours
22,Paula Rocha,744-14-4968,"4443 Johnson Plaza
Mcbrideborough, SC 22550",Y,miles
23,Sarah Jackson,120-62-5539,"245 George Point
Garciastad, MI 91944",N,miles
24,Eric Daniels,461-76-6276,"1978 Rose Isle
Lake Shannonhaven, NC 17231",N,miles
25,Robert Bauer,646-55-8767,"53264 Fuentes Extension Apt. 849
Gregoryton, DC 81755",N,miles
26,Jennifer Fernandez,123-30-2400,"51917 John Highway
Fernandezton, OR 26049",Y,hours
27,Sara Murphy,582-66-1483,"59303 Mosley Brooks Apt. 824
West Robin, IL 73705",N,hours
28,Brittany Bush,860-90-8518,"795 John Skyway Apt. 647
Jeffreyburgh, NM 04307",N,hours
29,Sean Chan,668-45-9370,"1300 Amber Station Apt. 801
Phillipsborough, IN 28355",Y,miles
30,Michael Salinas,830-39-5991,"354 Villegas Brook
Woodside, DC 28816",Y,miles
31,Crystal Scott,520-55-7677,"USCGC Gardner
FPO AP 57587",N,miles
32,Antonio Thompson,396-74-3154,"5130 Goodman Plains
Port Priscillafort, IN 17983",N,miles
33,Margaret Miller,607-84-6870,"21155 James Crossroad
Troyport, FL 72266",N,miles
34,Richard Klein,267-46-6689,"16861 Mitchell Gardens
Doughertyton, DE 96793",N,hours
35,Erica White,270-18-9352,"3181 Mooney Mission Apt. 440
Lake Allison, MT 91967",Y,miles
36,Julia Wade,750-69-0807,"USNS Ball
FPO AP 07548",Y,miles
37,Curtis Harmon,275-82-0683,"919 Chad Skyway
Lake Melissamouth, NY 39981",N,hours
38,Lisa Day,078-52-3600,"40809 Robert Mall Apt. 191
Martinview, ME 58157",Y,miles
39,Crystal Hobbs,006-12-4040,"Unit 5342 Box 8649
DPO AA 02089",Y,miles
40,Tyler Miller,845-65-6697,"102 Sheryl Rest Apt. 157
Lake Timothy, ME 30003",Y,miles
41,Jason Arnold,411-30-3555,"247 John Creek
Marissaland, LA 04358",Y,hours
42,Abigail Ellis,656-53-4345,"6636 Nicholas Road Suite 454
Clarkemouth, NV 74613",N,miles
43,Natalie Thornton,207-94-5215,"98976 Patricia Burg Apt. 480
Port Briannaside, AZ 68187",Y,hours
44,Isaac Hall,298-93-5790,"88973 Renee Cliffs
East Chadfurt, AL 73472",Y,hours
45,Joseph Davidson,894-35-8624,"858 Anne Rapids
Samuelburgh, AL 18932",N,miles
46,Mark Le,521-64-6124,"8384 Morris Rue
Joelburgh, VT 75812",N,miles
47,Joseph Thornton,515-79-5387,"0226 Turner Springs Suite 029
North Jonathan, PA 29368",Y,miles
48,Julia Williams,204-04-4624,"19399 Smith Lights Apt. 463
Gregoryland, AZ 58357",Y,hours
49,Robert Evans,309-65-6687,"33874 Jonathan Streets Suite 859
North Whitneyview, RI 29088",Y,miles
50,Jordan Harper,264-17-7080,"3407 Maddox Meadows
Joshuahaven, SD 50407",Y,hours
51,Samuel Whitney,361-54-4226,"92930 Jason Divide Suite 229
Susanhaven, IL 14456",N,miles
52,Tyler Walton,356-23-1562,"USCGC Mathis
FPO AA 66284",Y,hours
53,Christopher Ramsey,680-02-8060,"90747 Aaron Route
Wilsonport, NM 80938",N,hours
54,Miranda Miller,734-34-4862,"59157 Lang Radial Suite 623
Lake Michealshire, WV 28756",N,miles
55,Randall Sanchez,370-06-0434,"28304 Sims Mills
East Andrewside, MA 38869",Y,hours
56,Christina Robinson,739-44-9069,"8452 Hines Union
Calebborough, WY 36076",N,miles
57,Robert Sutton,003-99-2482,"1515 Sandra Mills Apt. 491
Kayleeborough, PA 15549",N,miles
58,Kirk Mills,776-92-4634,"Unit 0074 Box 9240
DPO AP 11495",N,miles
59,Jennifer Thornton,081-03-1910,"9594 John Mews
East James, MS 97063",Y,hours
60,Angela Wilson,594-35-2173,"574 Crawford Land
North Jacob, LA 97030",N,miles
61,Jane Alvarez,242-27-1270,"91586 Timothy Drives
North Aaronberg, CO 97818",N,hours
62,Tracey Villarreal,752-74-7916,"56980 Timothy Alley Apt. 891
Lake Adam, NM 75908",N,hours
63,Reginald Cummings,732-56-6095,"423 Katie Neck Suite 420
Dianemouth, MO 56373",Y,hours
64,Jill Taylor,740-45-4018,"92286 Coleman Circle
East Melissa, WI 68520",Y,hours
65,Chad Serrano,042-52-8494,"3961 Reed Isle
Adamsport, WI 70637",N,miles
66,Ashley Jordan,734-96-3921,"95429 Valdez Stravenue
Robertbury, MP 25392",Y,miles
67,Darlene Gardner,327-23-7769,"742 Flores Ridges Apt. 218
North Michael, HI 43506",N,hours
68,Melanie Brown,077-43-2681,"4920 Melissa Bypass
Horneborough, AL 76246",Y,hours
69,Albert Bell,840-05-7219,"337 Morris Rapids Apt. 446
Kennethland, TN 07066",Y,hours
70,Andrew Palmer,863-82-1977,"86123 Kelly Plaza
Port Josephtown, MS 62280",Y,miles
71,Stephen Roberts,003-52-3514,"USNS Clark
FPO AP 97226",N,miles
72,Stacy Smith,482-17-9346,"606 Tammy Underpass Apt. 733
Alisonside, CO 02554",Y,miles
73,Andrea Lawrence,277-74-6264,"49340 Torres Unions
Kelleytown, GU 02743",Y,hours
74,Garrett Heath,296-54-0537,"043 Cole Heights Suite 237
New Lauren, CO 83324",Y,hours
75,Michele Parker,698-28-8778,"USNS Roach
FPO AE 73554",N,miles
76,Emily Gonzalez,720-92-1592,"35507 William Path Apt. 478
East Erinbury, WI 84838",N,miles
77,Colleen Cooper MD,175-35-0947,"2557 Jeffrey Curve Suite 956
North Brett, NM 92666",N,miles
78,Andrew Nichols,762-58-6150,"362 Potts Mills
Johnsonborough, GU 08528",N,miles
79,Justin Gaines,593-48-9752,"13291 Stefanie Forge Apt. 161
Port Kristiehaven, DE 90441",N,hours
80,Emily Stuart,048-97-0872,"Unit 5662 Box 2881
DPO AA 96445",Y,miles
81,Ralph Freeman,808-84-8902,"9529 Heather Court
New Breanna, MS 15378",N,hours
82,Caitlin Mckenzie,344-20-7780,"800 Sean Fords
Port Ericashire, CT 82935",N,miles
83,Brittany Ross,450-61-2588,"72685 Fields Circle Suite 068
Kimberlyfurt, RI 03333",N,miles
84,Diane Duarte,249-53-0286,"554 Lin Mountains Suite 831
West Donald, NJ 81570",Y,miles
85,Antonio Scott,461-69-6586,"2203 Lopez Viaduct
Lake Marcusview, ME 32840",Y,hours
86,Luis Moore,803-14-0214,"089 Beck Springs
Gloriastad, FM 98793",Y,hours
87,Mary Harper,202-02-1882,"085 Gerald Harbor Suite 136
Butlershire, DE 98165",Y,miles
88,Ashley Chandler,503-79-1470,"027 Jared Views Apt. 978
Charlesville, PR 84644",Y,hours
89,Kaitlin Wells,188-21-7230,"16104 Stephanie Cliffs Apt. 582
Port Daniel, NV 63601",N,hours
90,Marvin Gonzalez,430-79-4268,"4348 Bennett Station Apt. 262
East Ashleyberg, GA 67760",N,hours
91,Amanda Ellis,038-36-2836,"5077 Michael Street Suite 092
Watsontown, FL 49665",Y,miles
92,Monica Yang,451-70-1238,"704 Olson Valley
Port Carl, NM 86738",N,hours
93,Jeffrey Robertson,288-71-1148,"70609 Jennifer Fords Suite 126
South Brandonside, UT 53733",Y,miles
94,Jamie Flores,150-30-2913,"23689 Hughes Course
Garciatown, VA 66967",Y,miles
95,Matthew West,824-19-6067,"82370 Chavez Pines
Russellshire, CO 70172",N,hours
96,Theresa Davila,124-81-6316,"877 Leach Viaduct Apt. 730
Robertmouth, MO 69060",Y,miles
97,Christopher Macias,381-56-8608,"43140 Stacey Ports Suite 433
Virginiaview, NV 89234",Y,hours
98,Samuel Edwards,722-12-9554,"74835 Shannon Tunnel
Mejiachester, SD 30050",N,miles
99,Molly Guerrero MD,316-43-4083,"662 Michael Isle
East Adriana, TX 72411",Y,miles
100,John Cox,010-29-4685,"3274 Jesse Hill Apt. 236
West Timothyview, TX 04238",Y,hours
101,Lauren White,227-11-9549,"52711 Robles Junctions
Lake James, WA 13898",N,miles
102,Alyssa Williams,550-84-5023,"36149 Stephen Square
New Gracebury, TN 42297",N,miles
103,Gina Kennedy,361-91-4620,"8239 Little Vista Apt. 672
Michaelton, AR 70963",Y,hours
104,Barry Robertson,807-41-5271,"455 Bishop Islands Suite 701
Amandaton, ID 57324",N,hours
105,Austin Rodriguez,618-83-1395,"1427 Jacob Parkway
West Charles, AS 30969",Y,miles
106,Oscar Wilcox,560-57-0741,"2707 Edwards Corners Suite 570
Hollowaychester, MN 92400",Y,hours
107,Patricia Chavez,497-98-2740,"6686 Jones Hill Apt. 880
East Robertmouth, MD 14665",N,miles
108,Diana Ramirez,835-24-7986,"7186 Todd Street
Wardchester, WA 37665",N,hours
109,Francisco Pena,217-15-5270,"PSC 5976, Box 6631
APO AA 25950",N,miles
